{
    "rmse": 0.7821828347714694,
    "mae": 0.6488254691514597,
    "r2": 0.020124144927116228
}