{
    "rmse": 0.7563736161851158,
    "mae": 0.6363169487819053,
    "r2": 0.02785535570947184
}